Plane_Name,IATA,ICAO,Image_URL
Aerospatiale (Nord) 262,ND2,N262,https://upload.wikimedia.org/wikipedia/commons/2/20/Aerospatiale_N-262D-51_Fregate.jpg
Aerospatiale (Sud Aviation) Se.210 Caravelle,CRV,S210,https://upload.wikimedia.org/wikipedia/commons/8/8b/Sud_SE-210_Caravelle_III%2C_F-BHRS%2C_Air_France_Manteufel-1.jpg
Aerospatiale SN.601 Corvette,NDC,S601,https://upload.wikimedia.org/wikipedia/commons/5/56/A%C3%A9rospatiale_Corvette_F-GILM_%2810674862323%29.jpg
Aerospatiale/Alenia ATR 42-300,AT4,AT43,https://upload.wikimedia.org/wikipedia/commons/f/f5/Aerospatiale_Alenia_ATR-42-300_Swiftair_EC-IVP_Leipzig_Halle_%28LEJ_-_EDDP%29%2C_10_May_2005.jpg
Aerospatiale/Alenia ATR 42-500,AT5,AT45,https://upload.wikimedia.org/wikipedia/commons/b/b7/ATR_42-500_Hop%21_%28HOP%29_F-GPYK_-_MSN_537_%2810276128103%29.jpg
Aerospatiale/Alenia ATR 42-600,ATR,AT46,https://www.atr-aircraft.com/wp-content/uploads/2020/07/42-600-amazon-cropped-more-2000x1213.jpg
Aerospatiale/Alenia ATR 72,AT7,AT72,https://upload.wikimedia.org/wikipedia/commons/6/67/F-WWEZ_%28948%29_ATR.72-212A%28500%29_FlyFireFly_TLS_30AUG11_%286097869500%29_%28cropped%29.jpg
Airbus A300,AB3,A30B,"https://media.cnn.com/api/v1/images/stellar/prod/190531201904-airbus-a300.jpg?q=w_1600,h_900,x_0,y_0,c_fill"
Airbus A300-600,AB6,A306,https://upload.wikimedia.org/wikipedia/commons/thumb/2/2c/Airbus_A300B4-603%2C_Lufthansa_AN0520385.jpg/1200px-Airbus_A300B4-603%2C_Lufthansa_AN0520385.jpg
Airbus A300-600ST Super Transporter / Beluga,ABB,A3ST,https://i.ytimg.com/vi/yCTg_krV_oA/maxresdefault.jpg
Airbus A310,310,A310,https://upload.wikimedia.org/wikipedia/commons/5/5d/Air_Transat_A310_%28C-GTSF%29_%40_LHR%2C_Aug_2009.jpg
Airbus A318,318,A318,https://upload.wikimedia.org/wikipedia/commons/4/49/Airfrance.a318-100.f-guga.arp.jpg
Airbus A319,319,A319,https://upload.wikimedia.org/wikipedia/commons/b/bc/EasyJet_A319_at_BFS.jpg
Airbus A319neo,31N,A19N,https://i.insider.com/62292a5f6ec7c20019cd69ee?width=965&format=jpeg
Airbus A320,320,A320,https://www.airbus.com/sites/g/files/jlcbta136/files/styles/airbus_608x608/public/2022-06/RENDER%20-%20A321%20-%20XLR%20-%20fix%2014.jpg?itok=gNCVpPXd
Airbus A320neo,32N,A20N,https://upload.wikimedia.org/wikipedia/commons/4/4d/IndiGo_Airbus_A320neo_F-WWDG_%28to_VT-ITI%29_%2828915135713%29.jpg
Airbus A321,321,A321,https://upload.wikimedia.org/wikipedia/commons/8/81/Airbus_A321-231%28w%29_%E2%80%98N915US%E2%80%99_American_Airlines_%2828442733186%29.jpg
Airbus A321neo,32Q,A21N,https://aircraft.airbus.com/sites/g/files/jlcbta126/files/styles/airbus_608x608/public/2022-08/A321neo.jpg?itok=4CxfRPsA
Airbus A330,330,\N,https://aircraft.airbus.com/sites/g/files/jlcbta126/files/styles/airbus_608x608/public/2021-09/A330-300_GE_AIRBUS_V10_300dpi2.jpg?itok=phLZUaCk
Airbus A330-200,332,A332,https://aircraft.airbus.com/sites/g/files/jlcbta126/files/styles/airbus_608x608/public/2021-10/A330-200_GE_AIRBUS_V10_300dpi%20-%20Copy.jpg?itok=St_EzF34
Airbus A330-300,333,A333,https://upload.wikimedia.org/wikipedia/commons/c/c8/Turkish_Airlines%2C_Airbus_A330-300_TC-JNL_NRT_%2823708073592%29.jpg
Airbus A330-700 Beluga XL,\N,A337,https://preview.redd.it/mzhxrk78zl461.jpg?auto=webp&s=704d5388addaf8cac62e4200bb865196e293781d
Airbus A330-800neo,338,A338,https://aircraft.airbus.com/sites/g/files/jlcbta126/files/styles/airbus_608x608/public/2021-10/A330-800-MSN1888-first-flight-air-to-air-035.jpg?itok=ETTchUf-
Airbus A330-900neo,339,A339,https://news.delta.com/media/35526/download
Airbus A340,340,\N,https://www.aerotime.aero/images/Lufthansa-Airbus-A340-600-landing-at-Munich-Airport-MUC.jpg
Airbus A340-200,342,A342,https://upload.wikimedia.org/wikipedia/commons/1/1e/Airbus_A340-311%2C_Lufthansa_AN1936774.jpg
Airbus A340-300,343,A343,https://upload.wikimedia.org/wikipedia/commons/1/1e/Airbus_A340-311%2C_Lufthansa_AN1936774.jpg
Airbus A340-500,345,A345,http://www.flugzeuginfo.net/acimages/a345_mv.jpg
Airbus A340-600,346,A346,https://www.lufthansagroup.com/media/_processed_/a/a/csm_346_1_9619f25341.jpg
Airbus A350,350,\N,https://i.ytimg.com/vi/99F-Md0thjw/maxresdefault.jpg
Airbus A350-1000,351,A35K,https://aircraft.airbus.com/sites/g/files/jlcbta126/files/styles/airbus_480x480/public/2022-08/A350-1000.jpg?itok=yBh0c70u
Airbus A350-900,359,A359,https://upload.wikimedia.org/wikipedia/commons/thumb/d/d6/Qatar_Airways_A350-941_%28A7-ALA%29_landing_at_Frankfurt_Airport.jpg/300px-Qatar_Airways_A350-941_%28A7-ALA%29_landing_at_Frankfurt_Airport.jpg
Airbus A380,380,\N,https://upload.wikimedia.org/wikipedia/commons/thumb/0/09/A6-EDY_A380_Emirates_31_jan_2013_jfk_%288442269364%29_%28cropped%29.jpg/300px-A6-EDY_A380_Emirates_31_jan_2013_jfk_%288442269364%29_%28cropped%29.jpg
Airbus A380-800,388,A388,https://www.britishairways.com/assets/images/MediaHub/Media-Database/Rights-managed-RM/Aircraft/Airbus-A380/A380-cgi_870x290.jpg
Antonov AN-12,ANF,AN12,https://upload.wikimedia.org/wikipedia/commons/thumb/2/27/Antonov_An-12_of_the_Russian_Air_Force_landing_at_Vladivostok_Airport_%281%29.jpg/1200px-Antonov_An-12_of_the_Russian_Air_Force_landing_at_Vladivostok_Airport_%281%29.jpg
Antonov AN-124 Ruslan,A4F,A124,https://www.airforce-technology.com/wp-content/uploads/sites/6/2000/06/Image-3-An-124-Ruslan.jpg
Antonov AN-140,A40,A140,https://www.aerospace-technology.com/wp-content/uploads/sites/15/2017/10/3-antonov-an-140.jpg
Antonov An-148,A81,A148,https://www.aerospace-technology.com/wp-content/uploads/sites/15/2017/10/1-Image-01.jpg
Antonov An-158,A58,A158,https://upload.wikimedia.org/wikipedia/commons/e/e9/Cubana_-_Antonov_An-158.jpg
Antonov An-225 Mriya,A25,A225,https://upload.wikimedia.org/wikipedia/commons/thumb/c/cc/Antonov_An-225_Beltyukov-1.jpg/1200px-Antonov_An-225_Beltyukov-1.jpg
Antonov AN-24,AN4,AN24,https://upload.wikimedia.org/wikipedia/commons/thumb/b/b0/Volga-Avia_Antonov_An-24.jpg/1200px-Volga-Avia_Antonov_An-24.jpg
Antonov AN-26,A26,AN26,https://upload.wikimedia.org/wikipedia/commons/thumb/7/79/An-26_Ni%C2%B5_Nishava_Serbien_Marko_Stojkovic_IMG_2634-1-2.jpg/1200px-An-26_Ni%C2%B5_Nishava_Serbien_Marko_Stojkovic_IMG_2634-1-2.jpg
Antonov AN-28,A28,AN28,https://upload.wikimedia.org/wikipedia/commons/thumb/5/58/PZL-Mielec_An-28%2C_Chaika_Avia_Company_AN1414321.jpg/640px-PZL-Mielec_An-28%2C_Chaika_Avia_Company_AN1414321.jpg
Antonov AN-30,A30,AN30,https://upload.wikimedia.org/wikipedia/commons/thumb/d/d0/An-30_-_RA-26226.jpg/300px-An-30_-_RA-26226.jpg
Antonov AN-32,A32,AN32,https://upload.wikimedia.org/wikipedia/commons/thumb/4/44/AirMark_Antonov_An-32_Spijkers-2.jpg/1200px-AirMark_Antonov_An-32_Spijkers-2.jpg
Antonov AN-72,AN7,AN72,https://upload.wikimedia.org/wikipedia/commons/thumb/e/e2/Russian_Air_Force_-_Antonov_An-72.jpg/300px-Russian_Air_Force_-_Antonov_An-72.jpg
Avro RJ100,AR1,RJ1H,https://upload.wikimedia.org/wikipedia/commons/thumb/8/85/Swiss_British_Aerospace_Avro_146-RJ100_HB-IXS_MUC_2015_01_crop.jpg/220px-Swiss_British_Aerospace_Avro_146-RJ100_HB-IXS_MUC_2015_01_crop.jpg
Avro RJ70,AR7,RJ70,http://www.flugzeuginfo.net/acimages/rj70_transwede_se-djp_kp.jpg
Avro RJ85,AR8,RJ85,https://www.emptyleg.com/assets/media/rj85-2.jpg
BAe 146,146,\N,https://www.aerospace-technology.com/wp-content/uploads/sites/15/2017/10/BAE1462.jpg
BAe 146-100,141,B461,https://upload.wikimedia.org/wikipedia/commons/thumb/2/29/British_Aerospace_BAe-146-100%2C_Dan-Air_London_AN1918743.jpg/220px-British_Aerospace_BAe-146-100%2C_Dan-Air_London_AN1918743.jpg
BAe 146-200,142,B462,https://www.airforce-technology.com/wp-content/uploads/static-progressive/BAE-146%20C3.jpg
BAe 146-300,143,B463,https://montroseglobal.co.uk/wp-content/uploads/2021/07/Pionair_British-Aerospace-Bae-146-300QT_VH-SQR-scaled.jpg
Beechcraft 1900,BEH,B190,https://www.aerospace-technology.com/wp-content/uploads/sites/15/2017/10/Beech1900D_1.jpg
Beechcraft Baron,\N,BE58,http://disciplesofflight.com/wp-content/uploads/2017/03/Beech-58TC-Baron_Flying.jpg
Beechcraft Baron / 55 Baron,\N,BE55,https://s30377.pcdn.co/wp-content/uploads/2019/09/p1d4j370f59tr1ojchagnf7a58.jpg
Bell 212,BH2,B212,https://www.army-technology.com/wp-content/uploads/sites/3/2017/09/1-bell-212-hellicopter.jpg
Boeing 707,703,B703,https://upload.wikimedia.org/wikipedia/commons/0/06/Boeing_707-321B_Pan_Am_Freer.jpg
Boeing 717,717,B712,https://upload.wikimedia.org/wikipedia/commons/thumb/0/0d/Delta_Air_Lines_Boeing_717-2BD_N966AT.jpg/1200px-Delta_Air_Lines_Boeing_717-2BD_N966AT.jpg
Boeing 720B,B72,B720,https://upload.wikimedia.org/wikipedia/commons/thumb/2/25/Boeing_720_United_Air_Lines_%287162682658%29.jpg/220px-Boeing_720_United_Air_Lines_%287162682658%29.jpg
Boeing 727,727,\N,https://upload.wikimedia.org/wikipedia/commons/thumb/5/57/B-727_Iberia_%28cropped%29.jpg/640px-B-727_Iberia_%28cropped%29.jpg
Boeing 727-100,721,B721,https://upload.wikimedia.org/wikipedia/commons/7/7d/TAP_Boeing_727-100_Volpati-1.jpg
Boeing 727-200,722,B722,https://upload.wikimedia.org/wikipedia/commons/3/3b/Boeing_727-2S7_Advanced_Champion_LAX.jpg
Boeing 737,737,\N,https://news.delta.com/sites/default/files/styles/google_news_1200x675/public/2022-07/boeing_737_max_hero.jpg?itok=f2zT1mZd
Boeing 737 MAX 10,7MJ,\N,https://cdn.businesstraveller.com/wp-content/uploads/fly-images/1103113/B737-Max-10-e1624256119505-916x515.jpg
Boeing 737 MAX 7,7M7,B37M,https://aerocorner.com/wp-content/uploads/2020/02/Boeing-737-MAX-7-landing-1090x500.jpg
Boeing 737 MAX 8,7M8,B38M,https://i.ytimg.com/vi/Nu3zHLnIMSU/maxresdefault.jpg
Boeing 737 MAX 9,7M9,B39M,https://i.ytimg.com/vi/62OyqkkerRg/maxresdefault.jpg
Boeing 737-200,732,B732,https://upload.wikimedia.org/wikipedia/commons/thumb/e/e9/South_African_Airlink_Boeing_737-200_Advanced_Smith.jpg/800px-South_African_Airlink_Boeing_737-200_Advanced_Smith.jpg
Boeing 737-300,733,B733,https://pimaair.org/wp-content/uploads/2019/11/Boeing-737-300.jpg
Boeing 737-400,734,B734,https://aerocorner.com/wp-content/uploads/2020/02/KLM-Boeing-737-400-1090x500.jpg
Boeing 737-500,735,B735,https://i.ytimg.com/vi/_1Miw7ITvXc/maxresdefault.jpg
Boeing 737-600,736,B736,https://www.emptyleg.com/assets/media/empty-leg-charter-737-600-700-800-900-myeja.jpg
Boeing 737-700,73G,B737,https://liveandletsfly.com/wp-content/uploads/2020/06/Southwest-Airlines-737-700-Review-7.jpeg
Boeing 737-800,738,B738,https://epicflightacademy.com/wp-content/uploads/2020/04/boeing-737-800.jpg
Boeing 737-900,739,B739,https://liveandletsfly.com/wp-content/uploads/2020/03/United-737-900-First-Class-Review-1.jpeg
Boeing 747,747,\N,https://image.cnbcfm.com/api/v1/image/107161870-1670346687735-Boeing_747.jpg?v=1674742767
Boeing 747 LCF Dreamlifter,74B,BLCF,https://upload.wikimedia.org/wikipedia/commons/b/b6/Boeing_747-4H6%28LCF%29_Dreamlifter_%28N718BA%29_at_Chubu_International_Airport_%2811%29.jpg
Boeing 747-100,741,B741,https://upload.wikimedia.org/wikipedia/commons/b/b8/B-747_Iberia.jpg
Boeing 747-200,742,B742,https://upload.wikimedia.org/wikipedia/commons/thumb/b/b8/B-747_Iberia.jpg/1200px-B-747_Iberia.jpg
Boeing 747-300,743,B743,https://aerocorner.com/wp-content/uploads/2020/01/Boeing-747-300-of-Swissair-at-Zurich-Airport.jpg
Boeing 747-400,744,B744,https://www.aircargoweek.com/wp-content/uploads/2021/12/ROM-Cargo-Boeing-747-400-freighter-photo-copyright-credit-Kevin-Cleynhens.jpeg
Boeing 747-400D,74J,B74D,https://upload.wikimedia.org/wikipedia/commons/thumb/c/c6/Boeing_747-400_3view.svg/220px-Boeing_747-400_3view.svg.png
Boeing 747-8,748,B748,https://i.ytimg.com/vi/mVGngV6_P_E/maxresdefault.jpg
Boeing 747SP,74L,B74S,https://upload.wikimedia.org/wikipedia/commons/thumb/e/ec/203bm_-_Abu_Dhabi_Amiri_Flight_Boeing_747SP-Z5%2C_A6-ZSN%40LHR%2C23.01.2003_-_Flickr_-_Aero_Icarus.jpg/220px-203bm_-_Abu_Dhabi_Amiri_Flight_Boeing_747SP-Z5%2C_A6-ZSN%40LHR%2C23.01.2003_-_Flickr_-_Aero_Icarus.jpg
Boeing 747SR,74R,B74R,https://upload.wikimedia.org/wikipedia/commons/thumb/d/dd/Japan_Airlines_JA8119.jpg/800px-Japan_Airlines_JA8119.jpg
Boeing 757,757,\N,https://images.flyingmag.com/flyingma/wp-content/uploads/2021/08/25172517/iStock-176907475-1-1568x882.jpg
Boeing 757-200,752,B752,https://static.flight-report.com/media/thumbnails/57286/vignette_57286OIKYHJNZNJBGBPJ_cover.jpg
Boeing 757-300,753,B753,https://www.deltacargo.com/content/dam/cargo/images/aircraft/Boeing_757_300_Lg.png
Boeing 767,767,\N,https://static1.simpleflyingimages.com/wordpress/wp-content/uploads/2022/08/Delta-Airlines-Boeing-767-300(ER)-N196DN-(2).jpg
Boeing 767-200,762,B762,https://i.ytimg.com/vi/acgekSjKa_E/maxresdefault.jpg
Boeing 767-300,763,B763,https://upload.wikimedia.org/wikipedia/commons/thumb/4/43/Delta_Air_Lines_B767-332_N130DL.jpg/1200px-Delta_Air_Lines_B767-332_N130DL.jpg
Boeing 767-400,764,B764,https://www.airlineratings.com/wp-content/uploads/uploads/Delta_Air_Lines_767-400ER_N845MH_MAC_EGLL_29.05.11.jpg
Boeing 777,777,\N,https://upload.wikimedia.org/wikipedia/commons/thumb/3/3c/Cathay_Pacific_Boeing_777-200%3B_B-HNL%40HKG.jpg/800px-Cathay_Pacific_Boeing_777-200%3B_B-HNL%40HKG.jpg
Boeing 777-200,772,B772,https://media.united.com/images/Media%20Database/SDL/Travel/inflight/aircraft/777-200/777_200_(28_336)_V3_2272x649.gif
Boeing 777-200LR,77L,B77L,https://upload.wikimedia.org/wikipedia/commons/1/13/Emirates_Boeing_777-200LR_A6-EWJ_%288268969066%29.jpg
Boeing 777-300,773,B773,https://images.ctfassets.net/tjnj6enyzr6b/KIPcgHFuYj2jhoynmrm2Y/5e852b532be52c8e359661e65efd3d84/BA-B777-300.jpg?w=1000&q=50
Boeing 777-300ER,77W,B77W,https://upload.wikimedia.org/wikipedia/commons/e/eb/Emirates_Boeing_777-300ER%2C_A6-ECI%40LHR%2C05.08.2009-550iw_-_Flickr_-_Aero_Icarus.jpg
Boeing 777-8,778,B778,https://d1a2ot8agkqe8w.cloudfront.net/web/2019/09/777-9777-8-c-boeing-970_78702.jpg
Boeing 777-9,779,B779,https://pbs.twimg.com/media/FKc3eiLXoAUHR8C.jpg
Boeing 787,787,\N,https://images.csmonitor.com/csmarchives/2009/12/1214-Dreamliner-Taxi-Test_1.jpg?alias=standard_900x600
Boeing 787-10,78J,B78X,https://www.airlineratings.com/wp-content/uploads/uploads/787-10.-Image-ANA.jpg
Boeing 787-8,788,B788,https://www.boeing.com/commercial/aeromagazine/articles/qtr_3_08/img/figure1.jpg
Boeing 787-9,789,B789,https://www.aerospace-technology.com/wp-content/uploads/sites/15/2017/10/1-image-12.jpg
Bombardier 415,\N,CL2T,https://www.aerospace-technology.com/wp-content/uploads/sites/15/2017/10/415_3.jpg
Bombardier BD-100 Challenger 300,\N,CL30,https://upload.wikimedia.org/wikipedia/commons/thumb/2/22/Bombardier_BD-100-1A10_Challenger_300_AN1704544.jpg/640px-Bombardier_BD-100-1A10_Challenger_300_AN1704544.jpg
Bombardier CS100,CS1,BCS1,https://upload.wikimedia.org/wikipedia/commons/thumb/5/5c/Bombardier_CS100_%2823354893672%29.jpg/2560px-Bombardier_CS100_%2823354893672%29.jpg
Bombardier CS300,CS3,BCS3,https://upload.wikimedia.org/wikipedia/commons/d/dc/Bombardier_BD-500-1A11_CSeries_CS300_on_finals_after_its_first_flight.jpg
Bombardier Global Express,CCX,GLEX,https://businessaircraft.bombardier.com/sites/default/files/styles/preowned_header_d/public/styles/preowned_header/public/2020-04/IMG_2217-cover.jpg?itok=Tz29dNoH
British Aerospace (BAC) One Eleven,B11,BA11,https://upload.wikimedia.org/wikipedia/commons/f/f0/British_Aerospace_BAC-111-537GF_One-Eleven%2C_Cyprus_Airways_AN0205330.jpg
British Aerospace 125 series / Hawker/Raytheon 700/800/800XP/850/900,H25,H25B,https://upload.wikimedia.org/wikipedia/commons/thumb/1/12/Raytheon_Hawker_850XPi_AN1976827.jpg/800px-Raytheon_Hawker_850XPi_AN1976827.jpg
British Aerospace 125-1000 series / Hawker/Raytheon 1000,H25,H25C,https://upload.wikimedia.org/wikipedia/commons/thumb/6/66/BAe125_aircraft_from_a_flight_of_32_%28The_Royal%29_Squadron_MOD_45147916_%28cropped%29.jpg/800px-BAe125_aircraft_from_a_flight_of_32_%28The_Royal%29_Squadron_MOD_45147916_%28cropped%29.jpg
British Aerospace ATP,ATP,ATP,https://upload.wikimedia.org/wikipedia/commons/thumb/c/cd/West_Air_Sweden_ATP.jpg/800px-West_Air_Sweden_ATP.jpg
British Aerospace Jetstream 31,J31,JS31,https://upload.wikimedia.org/wikipedia/commons/4/41/British_Aerospace_BAe-3108_Jetstream_31%2C_British_Airways_%28BASE_Airlines%29_AN1025631.jpg
British Aerospace Jetstream 32,J32,JS32,https://upload.wikimedia.org/wikipedia/commons/thumb/f/f5/Jetstream_31_C-GEOC_on_the_ramp_in_Sudbury_Ontario_Canada_CYSB_%28Oct._2005%29.jpg/220px-Jetstream_31_C-GEOC_on_the_ramp_in_Sudbury_Ontario_Canada_CYSB_%28Oct._2005%29.jpg
British Aerospace Jetstream 41,J41,JS41,https://www.baesystems.com/en-media/webImage/20210402233724/1434618875569.jpg
Canadair Challenger,CCJ,CL60,https://d3lcr32v2pp4l1.cloudfront.net/Pictures/2000xAny/7/2/4/81724_challenger3500exteriorinflightbluewaterandmountains_284609.jpg
Canadair CL-44,CL4,CL44,http://www.flugzeuginfo.net/acimages/cl44_pettit.jpg
Canadair Regional Jet 100,CR1,CRJ1,https://theflight.info/wp-content/uploads/2019/02/n413sw-skywest-airlines-bombardier-crj-100.jpg
Canadair Regional Jet 1000,CRK,CRJX,https://upload.wikimedia.org/wikipedia/commons/thumb/4/4b/Bombardier_CL-600-2E25_Regional_Jet_CRJ-1000_NextGen%2C_Brit_Air_AN1967566.jpg/220px-Bombardier_CL-600-2E25_Regional_Jet_CRJ-1000_NextGen%2C_Brit_Air_AN1967566.jpg
Canadair Regional Jet 200,CR2,CRJ2,https://i.ytimg.com/vi/MlIql3bjIHc/maxresdefault.jpg
Canadair Regional Jet 700,CR7,CRJ7,https://cdn.seatguru.com/en_US/img/20230131084855/seatguru/airlines_new/American_Airlines/American_Airlines_Canadair_CRJ70_mobile.svg
Canadair Regional Jet 900,CR9,CRJ9,https://www.endeavorair.com/content/dam/endeavor-air/images/about-us/our-fleet/CRJ900_Endeavor.png
Cessna 152,\N,C152,https://s30377.pcdn.co/wp-content/uploads/2022/02/152lede1.jpg.optimal.jpg
Cessna 172,CN1,C172,https://www.sweetaviation.com/wp-content/uploads/2015/04/SweetAviation-10014-1024x765.jpg
Cessna 182 Skylane,CN1,C182,https://s30377.pcdn.co/wp-content/uploads/2019/09/p1a75a5sh81a9onq11ojrkrs1cn6.jpg.optimal.jpg
Cessna 208 Caravan,CN1,C208,https://cessna.txtav.com/-/media/cessna/images/aircraft/turboprop/caravan-ex/spec/208b_height.ashx?h=541&w=1383&la=en&hash=43E44DA7F55A314609FAD58988B55C38
Cessna 210 Centurion,CN1,C210,https://upload.wikimedia.org/wikipedia/commons/9/9e/Cessna_210_Centurion_II_AN1976762.jpg
Cessna Citation CJ3,CNJ,C25B,https://static.vecdn.net/images/aircraft/cessna-citation-525-cj3/aircraft.jpg
Cessna Citation CJ4,CNJ,C25C,https://bjtonline.com/sites/default/files/aircraft/citation_cj4.jpg
Cessna Citation Excel,CNJ,C56X,https://images.aircharterservice.com/global/aircraft-guide/private-charter/cessna-citation-excel-1.jpg
Cessna Citation I,CNJ,C500,https://upload.wikimedia.org/wikipedia/commons/thumb/b/b9/Cessna_525B_Citation_CJ3_Opera_Jet_OM-OPA%2C_LUX_Luxembourg_%28Findel%29%2C_Luxembourg_PP1350972612.jpg/800px-Cessna_525B_Citation_CJ3_Opera_Jet_OM-OPA%2C_LUX_Luxembourg_%28Findel%29%2C_Luxembourg_PP1350972612.jpg
Cessna Citation II,CNJ,C550,https://www.gamaaviation.com/wp-content/uploads/2018/10/cessna-citation-ii-550-2.jpg
Cessna Citation Mustang,CNJ,C510,https://static.vecdn.net/images/aircraft/cessna-citation-510-mustang/aircraft.jpg
Cessna Citation Sovereign,CNJ,C680,https://i.ytimg.com/vi/sq3KJL-eth0/maxresdefault.jpg
Cessna Citation X,CNJ,C750,https://www.ainonline.com/sites/ainonline.com/files/uploads/2014/10/citation-x-photo-3.jpg
COMAC C-919,\N,C919,https://cloudfront-us-east-2.images.arcpublishing.com/reuters/P7DC47EF3FM25HFFCXQGKOI2L4.jpg
Concorde,SSC,CONC,https://samchui.com/wp-content/uploads/2003/04/DSC_5894.jpg
Dassault Falcon 2000,D20,F2TH,http://d16bsf97ryvc45.cloudfront.net/Media/2013/01/2000_interior.jpg
Dassault Falcon 50,DF3,FA50,https://upload.wikimedia.org/wikipedia/commons/thumb/3/3b/Dassault_Falcon_50_cabin_looking_forward.JPG/1536px-Dassault_Falcon_50_cabin_looking_forward.JPG
Dassault Falcon 7X,DF7,FA7X,https://www.claylacy.com/wp-content/uploads/2018/05/Falcon-7X-654-04.jpg
Dassault Falcon 900,DF9,F900,https://i.insider.com/626a0a3feaaa070018ad4537?width=600&format=jpeg&auto=webp
De Havilland Canada DHC-2 Beaver,DHP,DHC2,https://www.baesystems.com/en-media/webImage/20210402190759/1434592753889.jpg
De Havilland Canada DHC-2 Turbo-Beaver,DHR,DH2T,https://upload.wikimedia.org/wikipedia/commons/0/06/De_Havilland_Canada_DHC-2_Turbine_Beaver_Mk3%2C_De_Havilland_Canada_AN1461138.jpg
De Havilland Canada DHC-3 Otter,DHL,DHC3,http://www.flugzeuginfo.net/acimages/dhc3_pdg.jpg
De Havilland Canada DHC-4 Caribou,DHC,DHC4,https://i.ytimg.com/vi/cNv2i2qHJcc/maxresdefault.jpg
De Havilland Canada DHC-6 Twin Otter,DHT,DHC6,https://www.baesystems.com/en-media/webImage/20210403012654/1434606813121.jpg
De Havilland Canada DHC-7 Dash 7,DH7,DHC7,https://upload.wikimedia.org/wikipedia/commons/thumb/1/1f/De_Havilland_Canada_DHC-7-110_Dash_7%2C_Brymon_Airways_AN2141415.jpg/300px-De_Havilland_Canada_DHC-7-110_Dash_7%2C_Brymon_Airways_AN2141415.jpg
De Havilland Canada DHC-8-100 Dash 8 / 8Q,DH1,DH8A,https://cdn.airplane-pictures.net/images/uploaded-images/2016/7/12/749318as.jpg
De Havilland Canada DHC-8-200 Dash 8 / 8Q,DH2,DH8B,https://upload.wikimedia.org/wikipedia/commons/thumb/a/a1/Airberlin_Q400_%28cropped%29.jpg/300px-Airberlin_Q400_%28cropped%29.jpg
De Havilland Canada DHC-8-300 Dash 8,DH3,DH8C,https://upload.wikimedia.org/wikipedia/commons/8/83/De_Havilland_Canada_DHC-8-300_%28ANA%29_804k.jpg
De Havilland Canada DHC-8-400 Dash 8Q,DH4,DH8D,https://upload.wikimedia.org/wikipedia/commons/thumb/a/a1/Airberlin_Q400_%28cropped%29.jpg/640px-Airberlin_Q400_%28cropped%29.jpg
De Havilland DH.104 Dove,DHD,DOVE,https://dxhb0it26is40.cloudfront.net/productimages/dh104-dove-and-devon_24_ss_l_151116111840.jpg
De Havilland DH.114 Heron,DHH,HERN,https://upload.wikimedia.org/wikipedia/commons/1/18/De_Havilland_DH-114_Heron_2B%2C_Jersey_Airlines_AN0728286.jpg
Douglas DC-10,D10,DC10,https://img.gta5-mods.com/q95/images/mcdonnell-douglas-dc-10-30-livery-pack-1-pax-c98c4415-1a3e-4106-93af-46bcd7cf5bf2/f53f75-British.jpg
Douglas DC-3,D3F,DC3,https://images.flyingmag.com/flyingma/wp-content/uploads/2022/08/10180653/0351633-1-1.jpg
Douglas DC-6,D6F,DC6,"https://static.wixstatic.com/media/e73a14_688bf7bcb4dd4129b17b8c8388093a07~mv2.jpg/v1/fill/w_740,h_496,al_c,q_85,enc_auto/e73a14_688bf7bcb4dd4129b17b8c8388093a07~mv2.jpg"
Douglas DC-8-50,D8T,DC85,https://www.v1images.com/wp-content/uploads/2020/08/951A0653.jpg
Douglas DC-8-62,D8L,DC86,https://cdn.jetphotos.com/full/5/43238_1503557141.jpg
Douglas DC-8-72,D8Q,DC87,https://www.airteamimages.com/pics/296/296381_800.jpg
Douglas DC-9-10,D91,DC91,https://static1.simpleflyingimages.com/wordpress/wp-content/uploads/2022/10/McDonnell_Douglas_DC-9-51_Swissair_AN2144959.jpg
Douglas DC-9-20,D92,DC92,https://www.renderhub.com/dreamscape-studios/douglas-dc-9-20-midwest-express/douglas-dc-9-20-midwest-express-01.jpg
Douglas DC-9-30,D93,DC93,https://upload.wikimedia.org/wikipedia/commons/thumb/8/84/Bravo_Air_Congo_McDonnell_Douglas_DC-9-32_Potters-3.jpg/640px-Bravo_Air_Congo_McDonnell_Douglas_DC-9-32_Potters-3.jpg
Douglas DC-9-40,D94,DC94,https://www.norebbo.com/wp-content/uploads/2020/05/DC-9-40_white_bare_metal_engines.jpg
Douglas DC-9-50,D95,DC95,https://upload.wikimedia.org/wikipedia/commons/thumb/2/29/McDonnell_Douglas_DC-9-51%2C_Swissair_AN2144959.jpg/220px-McDonnell_Douglas_DC-9-51%2C_Swissair_AN2144959.jpg
Embraer 170,E70,E170,https://cdn.seatguru.com/en_US/img/20230131084855/seatguru/airlines_new/LOT_Polish_Airlines/LOT_Polish_Airlines_Embraer_ERJ-170_mobile.svg
Embraer 175,E75,\N,https://cdn.onemileatatime.com/wp-content/uploads/2021/05/American-Eagle-Embraer-E175.jpg
Embraer 175 (long wing),E7W,E75L,https://www.aerospace-technology.com/wp-content/uploads/sites/15/2019/03/embraer-e175-1.jpg
Embraer 175 (short wing),E7W,E75S,https://www.embraercommercialaviation.com/wp-content/uploads/2017/06/E175-1800x757.jpg
Embraer 190,E90,E190,https://cdn.seatguru.com/en_US/img/20230131084855/seatguru/airlines_new/Finnair/Finnair_Embraer_190.jpg
Embraer 195,E95,E195,https://www.austrian.com/content/dam/austrian/global/images/fly/aircraft-fleet/embraer-195/embraer-195-11x4-contentheader.jpg.transform/lh-dcep-transform-width-1440/img.jpg
Embraer E190-E2,290,E290,https://aviationweek.com/sites/default/files/styles/crop_freeform/public/2022-11/e195-e2-embraer-corporate-livery-lion-tech-1-2100x1578-8dfa7770-d871-470b-89f0-c9623eda5cfe.jpg?itok=ggbqh-az
Embraer E195-E2,295,E295,https://www.embraercommercialaviation.com/wp-content/uploads/2022/10/E195-E2-TUI-1-scaled.jpg
Embraer EMB 110 Bandeirante,EMB,E110,https://i.ytimg.com/vi/kiIm3MO11zY/maxresdefault.jpg
Embraer EMB 120 Brasilia,EM2,E120,https://upload.wikimedia.org/wikipedia/commons/thumb/1/11/Embraer_EMB_120_%28Forca_Aerea_Brasileira%29_%289028202518%29.jpg/220px-Embraer_EMB_120_%28Forca_Aerea_Brasileira%29_%289028202518%29.jpg
Embraer Legacy 450,\N,E545,https://www.guardianjet.com/userfiles/images/models/196.jpg
Embraer Legacy 600,ER3,E35L,https://www.jetcraft.com/wp-content/uploads/2020/03/Legacy-600-Header.jpg
Embraer Phenom 100,EP1,E50P,https://www.guardianjet.com/hal/userfiles/images/model-slides/106-2.jpg
Embraer Phenom 300,EP3,E55P,https://assets-global.website-files.com/5b27a494dc3d312fe5c01da8/606f7e48a02905f74d55193a_AonRXQA0DpViKZOT2QOkC8OyyI_tPhFN9-3jtHka1fAehiudY6q06IZglg56hpqejxlOQ_o2kmDxXHnuW-K_wvk_nzAMDReZXOOIZfByt1hTmGO8P4VJKN8vd9ziQTmDi-XTjRPj.jpeg
Embraer RJ135,ER3,E135,https://upload.wikimedia.org/wikipedia/commons/4/41/ERJ-145_9G-AEU.jpg
Embraer RJ140,ERD,E135,https://upload.wikimedia.org/wikipedia/commons/thumb/1/1c/EGVA_-_Embraer_145SA_-_Hellenic_Air_Force_-_729_%2830186004888%29.jpg/381px-EGVA_-_Embraer_145SA_-_Hellenic_Air_Force_-_729_%2830186004888%29.jpg
Embraer RJ145,ER4,E145,https://www.aircraftinteriorsinternational.com/wp-content/uploads/2021/05/erj-semi-private-cabin.png
Fairchild Dornier 328JET,FRJ,J328,https://www.evojets.com/wp-content/uploads/2018/03/dornier-328-jet.jpg
Fairchild Dornier Do.228,D28,D228,https://aircharterservice-globalcontent-live.cphostaccess.com/images/aircraft-guide-images/cargo/dornier-228-large_tcm36-3562.jpg
Fairchild Dornier Do.328,D38,D328,https://i.ytimg.com/vi/lv3p4LOELuA/maxresdefault.jpg
Fokker 100,100,F100,https://fseimg.imgix.net/2022/06/289461743_10162001952923499_5813753447092893511_n.jpg?auto=compress%2Cformat&q=85
Fokker 50,F50,F50,https://upload.wikimedia.org/wikipedia/commons/7/70/SAS_Fokker_50.png
Fokker 70,F70,F70,https://global.discourse-cdn.com/infiniteflight/optimized/4X/4/8/2/482e4016c2d41c6d4628b300323ecd04eee3ff50_2_820x559.jpeg
Fokker F27 Friendship,F27,F27,https://i.ytimg.com/vi/QtF-dHskDzQ/hqdefault.jpg
Fokker F28 Fellowship,F21,F28,https://www.baaa-acro.com/sites/default/files/crash/images/C-FONF.jpg
Gulfstream Aerospace G-159 Gulfstream I,GRS,G159,https://t.plnspttrs.net/40983/949881_ffd2fb0459_280.jpg
Gulfstream G280,GR3,G280,https://i0.wp.com/privatejetcardcomparisons.com/wp-content/uploads/2020/05/Gulfstream-G280-range-cabin-size-new-and-used-pricing-e1621313097732.png?fit=1200%2C776&ssl=1
Gulfstream G650,GJ6,GLF6,https://www.jetcraft.com/wp-content/uploads/2016/06/G650-Exterior.jpg
Gulfstream IV,GJ4,GLF4,https://resources.globalair.com/specs/images/Jets/Gulfstream%20Aerospace/Gulfstream/IV/Exterior/ext7.jpg?w=650&h=430&mode=max
Gulfstream V,GJ5,GLF5,https://www.leaderluxury.com/wp-content/uploads/2021/05/2008-gulfstream-g550-s-n-5194-2.jpg
Gulfstream/Rockwell (Aero) Commander,ACP,AC68,https://aopa.org/-/media/Images/AOPA-Main/News-and-Media/Publications/Pilot-Magazine/2016/1611p/1611p_t_ql/1611p_t_ql_16x9.jpg
Gulfstream/Rockwell (Aero) Turbo Commander,ACT,AC90,https://aopa.org/-/media/Images/AOPA-Main/News-and-Media/Publications/Pilot-Magazine/2016/1611p/1611p_t_ql/1611p_t_ql_16x9.jpg
Harbin Yunshuji Y12,YN2,Y12,https://upload.wikimedia.org/wikipedia/commons/thumb/9/92/Iran_-_Revolutionary_Guard_Air_Force_Harbin_Y12-II.jpg/600px-Iran_-_Revolutionary_Guard_Air_Force_Harbin_Y12-II.jpg
Hawker Siddeley HS 748,HS7,A748,https://www.the-blueprints.com/blueprints-depot-restricted/modernplanes/hawker/hawker_siddeley_hs_748-81162.jpg
Ilyushin IL114,I14,I114,https://upload.wikimedia.org/wikipedia/commons/thumb/b/b4/%D0%98%D0%BB%D1%8C%D1%8E%D1%88%D0%B8%D0%BD_%D0%98%D0%BB-114_2053800109%2C_%D0%A5%D0%B0%D0%B1%D0%B0%D1%80%D0%BE%D0%B2%D1%81%D0%BA_-_%D0%9D%D0%BE%D0%B2%D1%8B%D0%B9_RP22506.jpg/800px-%D0%98%D0%BB%D1%8C%D1%8E%D1%88%D0%B8%D0%BD_%D0%98%D0%BB-114_2053800109%2C_%D0%A5%D0%B0%D0%B1%D0%B0%D1%80%D0%BE%D0%B2%D1%81%D0%BA_-_%D0%9D%D0%BE%D0%B2%D1%8B%D0%B9_RP22506.jpg
Ilyushin IL18,IL8,IL18,https://cdn11.bigcommerce.com/s-vhy72e/images/stencil/1280x1280/products/11333/26669/herpa-wings-572446-ilyushin-il18-lot-polish-airlines-sp-lsf-x0f-192022_0__24567.1676659624.jpg?c=2
Ilyushin IL62,IL6,IL62,https://www.jetcollector.com/mm5/graphics/00000002/13/GJAFL2083.jpg
Ilyushin IL76,IL7,IL76,https://d1a2ot8agkqe8w.cloudfront.net/web/2013/08/ilyushin-il-76-md-90_52309.jpg
Ilyushin IL86,ILW,IL86,https://upload.wikimedia.org/wikipedia/commons/5/53/Aeroflot-Don_Ilyushin_Il-86_passenger_cabin_Kustov.jpg
Ilyushin IL96,I93,IL96,https://upload.wikimedia.org/wikipedia/commons/1/13/Ilyushin_Il-96.jpg
Learjet 35,LRJ,LJ35,https://resources.globalair.com/specs/images/Jets/Learjet/Learjet/35A/Interior/Learjet35A_i2.jpg?w=650&h=430&mode=max
Learjet 60,LRJ,LJ60,https://d305e7uqmbt0pv.cloudfront.net/images/aircraft/bombardier/learjet-60xr/en/gallery/private-jet-charter-bombardier-learjet-60xr-aircraft-cabin-inside.jpg
Lockheed L-1011 Tristar,L10,L101,https://upload.wikimedia.org/wikipedia/commons/d/db/Air_Transat_Lockheed_L-1011_TriStar_JetPix.jpg
Lockheed L-1049 Super Constellation,L49,CONI,https://upload.wikimedia.org/wikipedia/commons/thumb/2/29/Cockpit_of_a_Lockheed_L-1049_G_Super_Constellation_%28D-ALEM%29.JPG/2560px-Cockpit_of_a_Lockheed_L-1049_G_Super_Constellation_%28D-ALEM%29.JPG
Lockheed L-182 / 282 / 382 (L-100) Hercules,LOH,C130,https://upload.wikimedia.org/wikipedia/commons/thumb/b/bb/Lockheed_L382_N9259R_Delta_ATL_15.04.72_edited-3.jpg/220px-Lockheed_L382_N9259R_Delta_ATL_15.04.72_edited-3.jpg
Lockheed L-188 Electra,LOE,L188,https://upload.wikimedia.org/wikipedia/commons/thumb/4/45/Lockheed_L-188_Electra_%28TAN_Airlines_1970%29.jpg/220px-Lockheed_L-188_Electra_%28TAN_Airlines_1970%29.jpg
McDonnell Douglas MD-11,M11,MD11,https://upload.wikimedia.org/wikipedia/commons/a/a7/McDonnell_Douglas_MD-11%2C_Finnair_AN1602186.jpg
McDonnell Douglas MD-81,M81,MD81,https://aerocorner.com/wp-content/uploads/2021/04/Orient-Thai-Airlines-McDonnell-Douglas-MD-81-HS-MDJ.jpg
McDonnell Douglas MD-82,M82,MD82,https://upload.wikimedia.org/wikipedia/commons/3/3d/McDonnell_Douglas_MD-82_%27EP-LCL%27_Kish_Air_%2821710460889%29.jpg
McDonnell Douglas MD-83,M83,MD83,https://cdn.jetphotos.com/full/5/89259_1552338058.jpg
McDonnell Douglas MD-87,M87,MD87,https://www.hangar67.com/photos/19135/1ba3524663.jpg
McDonnell Douglas MD-88,M88,MD88,https://cdn.jetphotos.com/full/5/31391_1591585933.jpg
McDonnell Douglas MD-90,M90,MD90,https://upload.wikimedia.org/wikipedia/commons/2/26/McDonnell_Douglas_MD-90-30%2C_Scandinavian_Airlines_-_SAS_AN0380577.jpg
NAMC YS-11,YS1,YS11,https://static1.simpleflyingimages.com/wordpress/wp-content/uploads/2021/07/4742831818_3e4152ca22_o.jpg
Partenavia P.68,PN6,P68,https://www.vulcanair.com/wp-content/uploads/2021/11/1_web-1997.jpg
Pilatus Britten-Norman BN-2A Mk III Trislander,BNT,TRIS,https://i.ebayimg.com/images/g/efkAAOSwTAJg9iRj/s-l500.jpg
Pilatus Britten-Norman BN-2A/B Islander,BNI,BN2P,https://i.ebayimg.com/images/g/d4sAAOSwyMFg9ipH/s-l500.jpg
Pilatus PC-12,PL2,PC12,https://bjtonline.com/sites/default/files/styles/bjt30_article_large/public/aircraft/pc-12ng.jpg?itok=guKBLsTe
Pilatus PC-6 Turbo Porter,PL6,PC6T,https://mraerodesign.securicom.ca/organisations/mraerodesign/images/produits/albums/grandes/103571361_3350054768362187_5672386601407524154_o.jpg
Piper PA-28 (above 200 hp),\N,P28B,https://cdn11.bigcommerce.com/s-44e78/images/stencil/1200x1200/products/719/1710/931_large_image__27763.1626369260.jpg?c=2
Piper PA-28 (up to 180 hp),\N,P28A,https://www.raleighflyingclub.org/images/assets/landscapes/Cherokee180-9390J-453x800-interior1.jpg
Piper PA-31 Navajo,PA2,PA31,https://dsgiipnwy1jd8.cloudfront.net/eyJidWNrZXQiOiJ0YXAtYXNzZXRzMSIsImVkaXRzIjp7InJlc2l6ZSI6eyJ3aWR0aCI6NjgwLCJmaXQiOiJjb250YWluIiwiYmFja2dyb3VuZCI6eyJhbHBoYSI6MSwiciI6MjU1LCJiIjoyNTUsImciOjI1NX19LCJzbWFydE92ZXJsYXkiOnsiYnVja2V0IjoidGFwLWFzc2V0czEiLCJrZXkiOiJ3YXRlcm1hcmsucG5nIn19LCJrZXkiOiI5MDc0NzUuanBnIn0=
Piper PA-44 Seminole,\N,PA44,https://www.rainierflightservice.com/aircraft-photos/slider/41-cockpit.jpeg
Piper PA-46,PAG,PA46,https://upload.wikimedia.org/wikipedia/commons/1/14/Piper_PA-46-310P_Malibu%2C_Private_JP6867742.jpg
Saab 2000,S20,SB20,https://upload.wikimedia.org/wikipedia/commons/thumb/8/86/Etihad_Saab_2000_take_off.jpg/300px-Etihad_Saab_2000_take_off.jpg
Saab SF340A/B,SF3,SF34,http://airlinersgallery.smugmug.com/Airlines-UnitedStates-3/Airlines-United-States3-QZ/Silver-Airways/i-ZqQgQ6B/0/M/Silver%20SAAB%20340B%20N418XJ%20%2811%29%28Grd%29%20FLL%20%28TSK%29%2846%29-M.jpg
Shorts SC-5 Belfast,SHB,BELF,https://upload.wikimedia.org/wikipedia/commons/thumb/4/4e/HeavyLift_Cargo_Airlines_Short_Belfast_PER_Monty.jpg/300px-HeavyLift_Cargo_Airlines_Short_Belfast_PER_Monty.jpg
Shorts SC-7 Skyvan,SHS,SC7,https://cdn.airplane-pictures.net/images/uploaded-images/2021/7/3/1403182.jpg
Shorts SD.330,SH3,SH33,https://upload.wikimedia.org/wikipedia/commons/1/1c/G-BLJB%2843099%29_Shorts_SD.330-UTT_Royal_Thai_Police_FAB_09SEP84_%2812476371544%29.jpg
Shorts SD.360,SH6,SH36,https://www.vikingair.com/sites/default/files/styles/inside_page_banners/public/banners/01_shorts_sd3-60_pc_mark_pieper-image-credit.jpg?itok=MichiP5d
Sikorsky S-58T,S58,S58T,https://cdn.airplane-pictures.net/images/uploaded-images/2011/5/4/133953.jpg
Sikorsky S-61,S61,S61,https://www.hangar67.com/photos/10554/17066d3887.jpg
Sikorsky S-76,S76,S76,https://www.ainonline.com/sites/ainonline.com/files/styles/ain30_fullwidth_large_2x/public/uploads/2020/10/s-76web.jpg?itok=vADHDLf-&timestamp=1604000439
Sikorsky S-92,S92,S92,https://www.ainonline.com/sites/ainonline.com/files/uploads/2019/03/385-sikorsky-s-92.jpg
Sukhoi Superjet 100-95,SU9,SU95,https://upload.wikimedia.org/wikipedia/commons/e/e0/Sukhoi_Superjet_100-95_Belyakov.jpg
Tupolev Tu-134,TU3,T134,https://www.the-blueprints.com/blueprints-depot-restricted/modernplanes/tupolev/tupolev_tu_134_crusty-74209.jpg
Tupolev Tu-144,\N,T144,https://upload.wikimedia.org/wikipedia/commons/c/ca/Tupolev_Tu-144_%28CCCP-77106%29_cockpit.jpg
Tupolev Tu-154,TU5,T154,https://store.x-plane.org/assets/images/files/Felis/Tu154/tu154_101.jpg
Tupolev Tu-204,T20,T204,https://www.airteamimages.com/pics/353/353513_big.jpg
Yakovlev Yak-40,YK4,YK40,https://upload.wikimedia.org/wikipedia/commons/8/84/The_Soviet_Airliner_Yakovlev_Yak-40._%D0%A1%D0%BE%D0%B2%D0%B5%D1%82%D1%81%D0%BA%D0%B8%D0%B9_%D0%B0%D0%B2%D0%B8%D0%B0%D0%BB%D0%B0%D0%B9%D0%BD%D0%B5%D1%80_%D0%AF%D0%BA-40.jpg
Yakovlev Yak-42,YK2,YK42,https://static1.simpleflyingimages.com/wordpress/wp-content/uploads/2023/03/which-airlines-fly-the-yakovlev-yak-42-in-2023-copy.jpg
